{
  "UkraineConflict": [
    "russia",
    "bakhmut",
    "moscow",
    "crimea",
    "dpr",
    "wagner",
    "zelensky",
    "luhansk",
    "mariupol",
    "lviv",
    "nato",
    "azov",
    "ukraine",
    "kyiv",
    "putin",
    "russian",
    "ukrainian",
    "kherson",
    "lpr",
    "zaporizhzhia",
    "irpin",
    "kiev",
    "invasion",
    "war",
    "conflict",
    "bucha",
    "odesa",
    "donetsk",
    "donbas",
    "sanctions",
    "kharkiv"
  ],
  "GazaConflict": [
    "rafah",
    "ramallah",
    "abbas",
    "fatah",
    "gaza",
    "israel",
    "palestine",
    "jerusalem",
    "iron dome",
    "hezbollah",
    "intifada",
    "palestinian",
    "rockets",
    "tel aviv",
    "ceasefire",
    "hamas",
    "conflict",
    "occupation",
    "israeli",
    "khan younis",
    "idf",
    "settlement",
    "bethlehem",
    "netanyahu",
    "west bank"
  ],
  "SyriaWar": [
    "refugees",
    "kurds",
    "opposition",
    "assad",
    "syrian",
    "rebels",
    "ghouta",
    "aleppo",
    "erdogan",
    "syria",
    "sdf",
    "idlib",
    "kurdish",
    "chemical weapons",
    "barrel bombs",
    "latakia",
    "turkey",
    "homs",
    "deir ez-zor",
    "damascus",
    "ypg",
    "civil war",
    "isis",
    "daraa",
    "turkish",
    "tartus"
  ],
  "Iran": [
    "nuclear deal",
    "nuclear",
    "hijab",
    "uranium",
    "protest",
    "jcpoa",
    "rouhani",
    "centrifuge",
    "mahdi army",
    "revolutionary guard",
    "ayatollah",
    "hezbollah",
    "tehran",
    "iran",
    "khamenei",
    "shiite",
    "persian",
    "irgc",
    "proxy",
    "mahsa amini",
    "houthis",
    "iranian",
    "sunni",
    "quds force",
    "sanctions",
    "shia"
  ],
  "ChinaTaiwan": [
    "south china sea",
    "uyghur",
    "china",
    "tibet",
    "beijing",
    "strait",
    "pla",
    "xi jinping",
    "independence",
    "xinjiang",
    "hong kong",
    "taiwanese",
    "communist party",
    "taipei",
    "dpp",
    "macau",
    "kuomintang",
    "reunification",
    "tsai ing-wen",
    "taiwan",
    "ccp",
    "chinese",
    "one china",
    "fighter jets"
  ],
  "ChinaInfluence": [
    "tiktok",
    "wolf warrior",
    "social credit",
    "trade war",
    "great firewall",
    "debt trap",
    "bri",
    "rare earth",
    "censorship",
    "huawei",
    "spy balloon",
    "genocide",
    "wechat",
    "intellectual property",
    "tariffs",
    "technology transfer",
    "belt and road",
    "surveillance",
    "semiconductor",
    "confucius institute",
    "uighur"
  ],
  "OtherConflicts": [
    "nagorno-karabakh",
    "afghanistan",
    "yemen",
    "somalia",
    "tigray",
    "border clash",
    "pakistan",
    "myanmar",
    "south sudan",
    "junta",
    "libya",
    "sudan",
    "taliban",
    "al-shabaab",
    "armenia",
    "darfur",
    "kashmir",
    "kabul",
    "amhara",
    "burma",
    "rohingya",
    "benghazi",
    "coup",
    "azerbaijan",
    "mali",
    "tripoli",
    "houthis",
    "burkina faso",
    "saudi",
    "ethiopia"
  ],
  "Scams": [
    "drop ship",
    "promotion",
    "mlm",
    "help.x.com",
    "scam",
    "x.com/tos",
    "engagement farm",
    "fake followers",
    "phishing",
    "gambling",
    "fraud",
    "manipulation",
    "deepfake",
    "disinformation",
    "pyramid scheme",
    "apuestas",
    "clickbait",
    "cryptocurrency scam",
    "nft scam",
    "ponzi",
    "undisclosed ad",
    "misinformation",
    "bot",
    "fake",
    "terms of service",
    "affiliate",
    "dropship",
    "spam",
    "bitcoin scam",
    "apostas"
  ],
  "HealthMedical": [
    "johnson",
    "coronavirus",
    "booster",
    "virus",
    "pharma",
    "treatment",
    "immunity",
    "covid",
    "variant",
    "fda",
    "who",
    "pandemic",
    "doctor",
    "drug",
    "clinical",
    "cdc",
    "medicine",
    "health",
    "pfizer",
    "mask",
    "clinical trial",
    "side effect",
    "hospital",
    "corona",
    "disease",
    "vaccine",
    "medical",
    "moderna",
    "quarantine",
    "illness",
    "astrazeneca",
    "antibody"
  ],
  "ClimateEnvironment": [
    "emissions",
    "recycling",
    "global warming",
    "biodiversity",
    "carbon footprint",
    "conservation",
    "sustainable",
    "greenhouse gas",
    "carbon",
    "climate change",
    "extinction",
    "ipcc",
    "coal",
    "wind",
    "solar",
    "environment",
    "gas",
    "electric vehicle",
    "fossil fuel",
    "renewable",
    "oil",
    "green",
    "pollution",
    "paris agreement",
    "deforestation"
  ],
  "Politics": [
    "constitution",
    "secretary",
    "impeachment",
    "facebook regulation",
    "ballot",
    "political party",
    "jd vance",
    "legislature",
    "government",
    "mayor",
    "home secretary",
    "caucus",
    "governor",
    "administration",
    "politician",
    "house",
    "election",
    "pam bondi",
    "social media regulation",
    "minister",
    "white house",
    "president",
    "conservative",
    "keir starmer",
    "free speech",
    "policy",
    "republican",
    "law",
    "mps",
    "bill",
    "tiktok ban",
    "supreme court",
    "executive",
    "labour",
    "biden",
    "liberal",
    "downing street",
    "parliament",
    "trump",
    "campaign",
    "partisan",
    "confirmation",
    "congress",
    "progressive",
    "censorship",
    "senate",
    "vote",
    "political",
    "primary",
    "hearing",
    "tech regulation",
    "voting",
    "committee",
    "midterm",
    "ambassador",
    "nomination",
    "newsom",
    "democrat",
    "content moderation",
    "foreign secretary",
    "vice president",
    "cabinet",
    "antitrust",
    "speaker",
    "judicial",
    "section 230",
    "legislative",
    "chancellor",
    "prime minister",
    "twitter policy",
    "appointment"
  ],
  "Technology": [
    "processor",
    "machine learning",
    "google",
    "patent",
    "app development",
    "algorithm",
    "5g",
    "semiconductor",
    "tesla",
    "developer",
    "robotics",
    "amazon",
    "automation",
    "hardware",
    "coding",
    "programming",
    "microsoft",
    "tech",
    "apple",
    "openai",
    "software",
    "software engineering",
    "silicon valley",
    "metaverse",
    "chip",
    "data science",
    "tech company",
    "startup",
    "augmented reality",
    "innovation",
    "cybersecurity",
    "cloud computing",
    "virtual reality",
    "tech industry"
  ],
  "Economics": [
    "loan",
    "meta earnings",
    "profit",
    "earnings",
    "ipo",
    "gdp",
    "wall street",
    "budget",
    "crypto",
    "bitcoin",
    "interest rate",
    "banking",
    "revenue",
    "economic",
    "money",
    "federal reserve",
    "fed",
    "economy",
    "inflation",
    "tech stocks",
    "unemployment",
    "dollar",
    "market",
    "financial",
    "debt",
    "blockchain",
    "stock",
    "valuation",
    "s&p 500",
    "quarterly results",
    "trading",
    "market cap",
    "dividend",
    "job",
    "dow jones",
    "cryptocurrency",
    "apple earnings",
    "recession",
    "finance",
    "investment",
    "bank",
    "nasdaq",
    "tax",
    "credit",
    "google revenue",
    "wage"
  ],
  "Entertainment": [
    "taylor swift",
    "fifa",
    "game",
    "grammy",
    "disney",
    "singer",
    "netflix",
    "streaming",
    "album",
    "nfl",
    "tv show",
    "music",
    "concert",
    "series",
    "entertainment",
    "artist",
    "film",
    "sport",
    "actor",
    "movie",
    "beyonce",
    "oscar",
    "celebrity",
    "hollywood",
    "gaming",
    "nba",
    "marvel",
    "actress"
  ],
  "Immigration": [
    "green card",
    "immigrant",
    "legal",
    "visa",
    "immigration",
    "dreamer",
    "migrant",
    "undocumented",
    "deportation",
    "southern border",
    "border",
    "ellis island",
    "caravan",
    "detention",
    "asylum",
    "illegal",
    "ice",
    "cbp",
    "daca",
    "citizenship",
    "refugee",
    "mexico",
    "naturalization",
    "sanctuary"
  ]
}